{"alwaysOnTop":false,"backgroundColor":null,"basicAuthPassword":null,"basicAuthUsername":null,"bounce":false,"browserwindowOptions":{"fullscreenable":true},"clearCache":false,"counter":false,"darwinDarkModeSupport":true,"disableContextMenu":true,"disableDevTools":true,"disableGpu":false,"diskCacheSize":null,"enableEs3Apis":false,"fastQuit":true,"flashPluginDir":null,"fullScreen":false,"globalShortcuts":null,"height":720,"ignoreCertificate":false,"ignoreGpuBlacklist":false,"insecure":false,"internalUrls":null,"blockExternalUrls":false,"maxHeight":1080,"maximize":false,"maxWidth":1920,"minHeight":480,"minWidth":852,"name":"Monitor","nativefierVersion":"10.1.0","proxyRules":null,"showMenuBar":false,"singleInstance":true,"targetUrl":"file:///Applications/Monitor.app/Contents/Resources/app/index.html","titleBarStyle":"hiddenInset","tray":false,"userAgent":"Mozilla/5.0 (Macintosh; Intel Mac OS X 10_12_5) AppleWebKit/537.36 (KHTML, like Gecko) Chrome/85.0.4183.87 Safari/537.36","width":1280,"win32metadata":{"ProductName":"Monitor","InternalName":"Monitor","FileDescription":"Monitor"},"zoom":1}